Price,Close,High,Low,Open,Volume
Ticker,HDFCSML250.NS,HDFCSML250.NS,HDFCSML250.NS,HDFCSML250.NS,HDFCSML250.NS
Date,,,,,
2023-02-21,93.4800033569336,94.0,92.0,92.0,2565
2023-02-22,92.0199966430664,93.5,90.73999786376953,93.4800033569336,12207
2023-02-23,90.58999633789062,92.0199966430664,89.75,92.0199966430664,6153
2023-02-24,90.58999633789062,90.76000213623047,90.5,90.76000213623047,1944
2023-02-27,89.97000122070312,95.80000305175781,87.5,92.5,6801
2023-02-28,90.75,94.0,89.4000015258789,90.4000015258789,3536
2023-03-01,90.8499984741211,90.9000015258789,90.05999755859375,90.31999969482422,1933
2023-03-02,91.0,94.0,90.8499984741211,91.0,2454
2023-03-03,91.4800033569336,91.9000015258789,91.0,91.0,2347
2023-03-06,92.44999694824219,94.25,91.26000213623047,94.25,2805
2023-03-08,92.48999786376953,99.19999694824219,92.01000213623047,92.9000015258789,29541
2023-03-09,92.43000030517578,92.63999938964844,92.26000213623047,92.63999938964844,2639
2023-03-10,91.61000061035156,92.69999694824219,91.20999908447266,92.16999816894531,3992
2023-03-13,90.5,91.61000061035156,90.18000030517578,91.61000061035156,4617
2023-03-14,90.58000183105469,91.98999786376953,89.08000183105469,91.0,12261
2023-03-15,89.33000183105469,92.19999694824219,89.30000305175781,91.0,9360
2023-03-16,88.68000030517578,92.0,87.76000213623047,91.38999938964844,22564
2023-03-17,88.87999725341797,91.88999938964844,88.5,89.98999786376953,11255
2023-03-20,89.16999816894531,90.9000015258789,87.94000244140625,89.0,9389
2023-03-21,88.69999694824219,89.9000015258789,88.5199966430664,89.51000213623047,6597
2023-03-22,89.55000305175781,91.75,88.69999694824219,89.0,9276
2023-03-23,88.77999877929688,89.91000366210938,88.5,89.88999938964844,7999
2023-03-24,88.16000366210938,89.0,87.5,89.0,18434
2023-03-27,86.52999877929688,88.98999786376953,86.44999694824219,88.98999786376953,19905
2023-03-28,85.52999877929688,86.9000015258789,85.0,86.54000091552734,15036
2023-03-29,87.23999786376953,89.9000015258789,86.01000213623047,87.98999786376953,18735
2023-03-31,89.45999908447266,90.9000015258789,87.51000213623047,90.9000015258789,54474
2023-04-03,89.7300033569336,91.9000015258789,89.0,91.25,38577
2023-04-05,89.0999984741211,90.9000015258789,88.66000366210938,90.9000015258789,24297
2023-04-06,89.80999755859375,89.88999938964844,88.79000091552734,89.01000213623047,47625
2023-04-10,89.94000244140625,93.9000015258789,89.4000015258789,90.9000015258789,76375
2023-04-11,90.61000061035156,91.25,90.26000213623047,90.26000213623047,24051
2023-04-12,91.08999633789062,91.33999633789062,90.5,90.7300033569336,14596
2023-04-13,91.27999877929688,91.80000305175781,90.93000030517578,91.08000183105469,21482
2023-04-17,91.62000274658203,96.5,91.0,91.9000015258789,65937
2023-04-18,91.61000061035156,92.58000183105469,91.48999786376953,92.58000183105469,12251
2023-04-19,91.44999694824219,92.19000244140625,91.30000305175781,91.77999877929688,9149
2023-04-20,91.9000015258789,92.18000030517578,91.51000213623047,91.51000213623047,10819
2023-04-21,91.62000274658203,91.80999755859375,91.4000015258789,91.62000274658203,9587
2023-04-24,92.05999755859375,93.44999694824219,91.76000213623047,93.44999694824219,3842
2023-04-25,92.56999969482422,92.80000305175781,92.06999969482422,92.06999969482422,13975
2023-04-26,93.22000122070312,100.0,92.20999908447266,100.0,13535
2023-04-27,93.44000244140625,95.9000015258789,92.33999633789062,95.9000015258789,31693
2023-04-28,94.11000061035156,94.44999694824219,93.44000244140625,93.44000244140625,18272
2023-05-02,94.93000030517578,96.0,94.55999755859375,96.0,96389
2023-05-03,95.08000183105469,95.30000305175781,94.0,94.83999633789062,30261
2023-05-04,96.0,96.19999694824219,95.44000244140625,95.48999786376953,56740
2023-05-05,95.33000183105469,97.11000061035156,95.05999755859375,96.19000244140625,59356
2023-05-08,95.94000244140625,99.62999725341797,95.70999908447266,99.62999725341797,83610
2023-05-09,95.69000244140625,96.5199966430664,95.5999984741211,95.94999694824219,55207
2023-05-10,95.91999816894531,97.5999984741211,94.9000015258789,97.5999984741211,26784
2023-05-11,96.5,98.0,96.01000213623047,98.0,72662
2023-05-12,96.4800033569336,97.0,96.01000213623047,96.98999786376953,27298
2023-05-15,97.30999755859375,98.5,95.93000030517578,98.5,43148
2023-05-16,97.2699966430664,99.5,96.61000061035156,99.5,137162
2023-05-17,97.51000213623047,97.80000305175781,97.05000305175781,97.80000305175781,23420
2023-05-18,96.98999786376953,98.30000305175781,96.94999694824219,97.88999938964844,73607
2023-05-19,97.44999694824219,97.80000305175781,96.0,97.80000305175781,31489
2023-05-22,97.58000183105469,98.30000305175781,96.30999755859375,98.30000305175781,53228
2023-05-23,97.69999694824219,98.19999694824219,97.01000213623047,98.19999694824219,26243
2023-05-24,97.7699966430664,98.19999694824219,97.38999938964844,98.01000213623047,33503
2023-05-25,97.88999938964844,100.0,97.5,100.0,32370
2023-05-26,98.22000122070312,98.54000091552734,97.9800033569336,97.9800033569336,35907
2023-05-29,98.69999694824219,100.0,98.5,100.0,150327
2023-05-30,98.7300033569336,100.0,98.43000030517578,100.0,122916
2023-05-31,99.05999755859375,101.69999694824219,98.51000213623047,98.81999969482422,110694
2023-06-01,100.23999786376953,102.0,99.61000061035156,102.0,163119
2023-06-02,101.02999877929688,103.75,99.98999786376953,101.19999694824219,173977
2023-06-05,101.01000213623047,103.0,100.62999725341797,103.0,224438
2023-06-06,101.37999725341797,101.80000305175781,100.62999725341797,101.79000091552734,114698
2023-06-07,102.91999816894531,103.38999938964844,101.48999786376953,103.30999755859375,140902
2023-06-08,101.98999786376953,110.0,101.83999633789062,104.0,1081968
2023-06-09,101.75,102.41000366210938,101.52999877929688,102.38999938964844,99555
2023-06-12,102.4000015258789,102.76000213623047,101.54000091552734,102.76000213623047,102586
2023-06-13,103.2699966430664,103.44999694824219,102.75,103.44999694824219,125410
2023-06-14,103.56999969482422,106.3499984741211,103.30000305175781,106.3499984741211,223732
2023-06-15,103.94000244140625,105.5,103.0,105.5,168378
2023-06-16,104.69000244140625,106.05999755859375,103.94000244140625,104.87000274658203,187392
2023-06-19,105.11000061035156,105.9800033569336,104.69000244140625,104.69000244140625,149029
2023-06-20,105.55000305175781,105.94000244140625,104.80000305175781,105.80000305175781,109705
2023-06-21,105.75,106.4800033569336,105.43000030517578,106.0,147520
2023-06-22,104.54000091552734,107.0,104.26000213623047,107.0,204664
2023-06-23,103.52999877929688,107.69999694824219,103.0,107.69999694824219,102625
2023-06-26,104.55000305175781,106.6500015258789,103.4000015258789,106.6500015258789,66293
2023-06-27,105.02999877929688,105.98999786376953,104.75,105.98999786376953,47165
2023-06-28,105.04000091552734,106.0,104.4800033569336,105.98999786376953,133077
2023-06-30,105.62999725341797,106.47000122070312,105.0,105.98999786376953,122386
2023-07-03,106.58000183105469,107.9000015258789,106.12999725341797,107.0,228520
2023-07-04,106.4000015258789,108.70999908447266,106.0,108.70999908447266,144427
2023-07-05,107.30000305175781,107.4000015258789,106.94999694824219,107.4000015258789,88634
2023-07-06,108.37999725341797,108.6500015258789,107.66000366210938,108.19000244140625,110918
2023-07-07,108.08999633789062,108.9800033569336,107.30000305175781,108.9800033569336,276729
2023-07-10,107.7300033569336,109.0,107.45999908447266,108.94000244140625,109212
2023-07-11,108.66000366210938,109.9000015258789,108.06999969482422,109.9000015258789,137692
2023-07-12,109.36000061035156,112.22000122070312,108.70999908447266,109.87999725341797,76307
2023-07-13,108.97000122070312,111.9000015258789,108.13999938964844,110.87000274658203,192249
2023-07-14,109.7699966430664,112.25,108.47000122070312,112.25,73692
2023-07-17,110.69000244140625,111.4800033569336,110.16999816894531,111.4800033569336,100038
2023-07-18,109.91000366210938,111.7699966430664,109.3499984741211,111.47000122070312,133112
2023-07-19,110.79000091552734,111.73999786376953,110.18000030517578,111.7300033569336,57381
2023-07-20,111.0,111.19999694824219,110.55000305175781,110.9000015258789,65296
2023-07-21,111.19999694824219,111.95999908447266,108.55000305175781,111.95999908447266,92031
2023-07-24,111.56999969482422,112.04000091552734,111.0,111.95999908447266,186443
2023-07-25,111.7300033569336,112.5999984741211,111.12000274658203,112.5999984741211,73377
2023-07-26,112.12999725341797,112.5,108.4000015258789,111.87000274658203,142520
2023-07-27,112.25,113.0,112.01000213623047,112.97000122070312,105154
2023-07-28,112.76000213623047,112.94999694824219,111.77999877929688,112.94999694824219,92469
2023-07-31,113.87999725341797,114.5999984741211,112.76000213623047,112.76000213623047,104541
2023-08-01,114.20999908447266,115.55999755859375,113.91999816894531,114.0,151971
2023-08-02,112.62000274658203,114.95999908447266,111.7699966430664,114.95999908447266,301841
2023-08-03,112.83999633789062,113.4800033569336,111.7699966430664,113.4800033569336,235306
2023-08-04,113.6500015258789,114.29000091552734,112.83999633789062,112.83999633789062,69899
2023-08-07,113.97000122070312,114.87999725341797,110.25,110.25,94092
2023-08-08,114.08999633789062,114.80000305175781,113.37999725341797,114.73999786376953,78722
2023-08-09,114.54000091552734,115.0,110.6500015258789,110.6500015258789,49431
2023-08-10,114.41999816894531,115.23999786376953,114.29000091552734,115.23999786376953,72220
2023-08-11,114.22000122070312,114.98999786376953,111.0,113.8499984741211,99781
2023-08-14,113.4800033569336,114.80000305175781,112.05000305175781,114.80000305175781,122097
2023-08-16,113.61000061035156,114.5,112.80999755859375,113.69000244140625,57933
2023-08-17,114.05999755859375,115.44999694824219,113.02999877929688,115.44999694824219,76864
2023-08-18,113.70999908447266,114.48999786376953,112.5,114.48999786376953,93108
2023-08-21,114.25,114.87999725341797,113.18000030517578,114.87999725341797,42860
2023-08-22,115.5199966430664,115.75,114.02999877929688,114.25,81234
2023-08-23,116.58000183105469,116.9000015258789,115.5199966430664,116.0,91018
2023-08-24,116.23999786376953,117.87999725341797,116.11000061035156,117.87999725341797,87239
2023-08-25,115.91000366210938,119.08000183105469,114.87999725341797,119.08000183105469,106112
2023-08-28,116.77999877929688,118.9000015258789,115.91000366210938,118.9000015258789,49017
2023-08-29,117.41999816894531,119.08000183105469,117.0999984741211,119.08000183105469,43778
2023-08-30,118.56999969482422,119.08000183105469,118.01000213623047,119.08000183105469,111655
2023-08-31,120.80999755859375,125.18000030517578,118.8499984741211,119.25,163749
2023-09-01,120.72000122070312,123.8499984741211,119.5999984741211,122.9000015258789,335107
2023-09-04,121.97000122070312,123.08000183105469,121.0,123.08000183105469,180140
2023-09-05,122.5999984741211,123.44999694824219,121.97000122070312,123.44999694824219,308873
2023-09-06,122.80999755859375,123.5999984741211,121.08999633789062,123.48999786376953,138355
2023-09-07,123.62000274658203,125.94999694824219,123.0,123.48999786376953,180922
2023-09-08,124.2300033569336,127.3499984741211,124.0,127.3499984741211,192183
2023-09-11,124.66000366210938,126.94999694824219,124.0,126.94999694824219,234994
2023-09-12,120.47000122070312,126.94999694824219,120.0,126.94999694824219,1397304
2023-09-13,121.62999725341797,122.08000183105469,119.05000305175781,121.4800033569336,200852
2023-09-14,122.87999725341797,124.8499984741211,121.66999816894531,124.8499984741211,142807
2023-09-15,123.4000015258789,124.94999694824219,123.02999877929688,124.94999694824219,72840
2023-09-18,122.91999816894531,127.0999984741211,122.75,127.0999984741211,169693
2023-09-20,122.12000274658203,123.04000091552734,121.48999786376953,123.04000091552734,143546
2023-09-21,120.91000366210938,122.5999984741211,120.62000274658203,122.5999984741211,116213
2023-09-22,120.9000015258789,122.0999984741211,120.0,122.0999984741211,132712
2023-09-25,120.7300033569336,121.4800033569336,120.4000015258789,120.91000366210938,70342
2023-09-26,121.5199966430664,121.9000015258789,120.73999786376953,121.68000030517578,56432
2023-09-27,122.44000244140625,122.77999877929688,121.33999633789062,122.7699966430664,76821
2023-09-28,122.0199966430664,123.47000122070312,121.69000244140625,122.44000244140625,67032
2023-09-29,122.76000213623047,127.5199966430664,121.01000213623047,127.5199966430664,87144
2023-10-03,123.43000030517578,124.75,122.0,124.75,98705
2023-10-04,122.22000122070312,123.98999786376953,121.5199966430664,123.43000030517578,97069
2023-10-05,122.83999633789062,123.5,122.41999816894531,123.0,53956
2023-10-06,123.55000305175781,124.0,122.61000061035156,123.48999786376953,80245
2023-10-09,121.30999755859375,123.55000305175781,120.98999786376953,123.55000305175781,168265
2023-10-10,122.7300033569336,123.12000274658203,121.87999725341797,122.44000244140625,56053
2023-10-11,123.77999877929688,123.98999786376953,123.41000366210938,123.48999786376953,52260
2023-10-12,124.38999938964844,126.0,123.98999786376953,126.0,98594
2023-10-13,124.43000030517578,125.0,124.12000274658203,124.97000122070312,75962
2023-10-16,124.87999725341797,125.98999786376953,123.98999786376953,125.98999786376953,51043
2023-10-17,125.77999877929688,126.26000213623047,125.5,125.9000015258789,75303
2023-10-18,125.23999786376953,126.87999725341797,124.91000366210938,126.29000091552734,239555
2023-10-19,125.5199966430664,128.6999969482422,124.5,128.6999969482422,66252
2023-10-20,124.08999633789062,125.97000122070312,123.05000305175781,125.97000122070312,77638
2023-10-23,120.3499984741211,126.9000015258789,119.55000305175781,126.9000015258789,241834
2023-10-25,119.01000213623047,123.94999694824219,117.12999725341797,123.94999694824219,269390
2023-10-26,118.81999969482422,120.0,115.0,119.91000366210938,301071
2023-10-27,121.0999984741211,121.94999694824219,118.83000183105469,119.91999816894531,216128
2023-10-30,120.93000030517578,124.75,119.9800033569336,124.75,253558
2023-10-31,120.94000244140625,121.79000091552734,119.72000122070312,120.31999969482422,108089
2023-11-01,120.45999908447266,121.95999908447266,120.19000244140625,121.94999694824219,96895
2023-11-02,121.62000274658203,124.05000305175781,120.72000122070312,124.05000305175781,75595
2023-11-03,123.0,123.25,121.62999725341797,122.87000274658203,93378
2023-11-06,124.38999938964844,126.75,123.16999816894531,126.69999694824219,176871
2023-11-07,124.79000091552734,125.79000091552734,123.93000030517578,124.30000305175781,73972
2023-11-08,125.76000213623047,126.5,124.54000091552734,125.38999938964844,114972
2023-11-09,125.4800033569336,126.88999938964844,125.0999984741211,126.88999938964844,116678
2023-11-10,125.97000122070312,127.0,124.94000244140625,125.0,190419
2023-11-13,126.1500015258789,128.0,125.30000305175781,128.0,217364
2023-11-15,129.1300048828125,129.5,127.80999755859375,128.69000244140625,186487
2023-11-16,129.9499969482422,130.27000427246094,129.00999450683594,129.6999969482422,222755
2023-11-17,130.10000610351562,130.7899932861328,129.57000732421875,129.9600067138672,216775
2023-11-20,130.3300018310547,133.75,129.55999755859375,133.75,128071
2023-11-21,130.52999877929688,132.75,130.22000122070312,132.75,103301
2023-11-22,129.61000061035156,133.4499969482422,128.9600067138672,133.4499969482422,207135
2023-11-23,131.25,134.0500030517578,129.8000030517578,132.83999633789062,113811
2023-11-24,130.47000122070312,133.6999969482422,130.3000030517578,133.6999969482422,106692
2023-11-28,130.75,131.83999633789062,130.47999572753906,131.74000549316406,93737
2023-11-29,131.49000549316406,131.58999633789062,130.42999267578125,131.38999938964844,140660
2023-11-30,132.77999877929688,132.89999389648438,131.39999389648438,131.5,139574
2023-12-01,133.57000732421875,135.9499969482422,133.22000122070312,135.9499969482422,188434
2023-12-04,135.8699951171875,140.00999450683594,134.0,135.0,240065
2023-12-05,135.77000427246094,138.94000244140625,134.75,138.94000244140625,180193
2023-12-06,136.02000427246094,136.77999877929688,135.11000061035156,136.4499969482422,118591
2023-12-07,136.5,139.8000030517578,134.91000366210938,136.69000244140625,117807
2023-12-08,135.36000061035156,138.0,134.5,138.0,255651
2023-12-11,136.1999969482422,136.4199981689453,135.50999450683594,135.88999938964844,109696
2023-12-12,135.91000366210938,137.3699951171875,135.00999450683594,136.6999969482422,104760
2023-12-13,136.67999267578125,137.0,135.5,137.0,199573
2023-12-14,138.22000122070312,139.69000244140625,136.60000610351562,136.67999267578125,131404
2023-12-15,138.8699951171875,139.47000122070312,138.22000122070312,138.39999389648438,128523
2023-12-18,139.61000061035156,140.10000610351562,138.22000122070312,139.5,173919
2023-12-19,139.11000061035156,140.36000061035156,138.47000122070312,139.61000061035156,218157
2023-12-20,135.2100067138672,140.64999389648438,134.5,140.44000244140625,483441
2023-12-21,137.13999938964844,139.25,132.22999572753906,139.25,360778
2023-12-22,139.47999572753906,143.25,137.3000030517578,141.25,183064
2023-12-26,138.83999633789062,141.0,138.52000427246094,141.0,281822
2023-12-27,139.30999755859375,139.58999633789062,138.41000366210938,139.05999755859375,117241
2023-12-28,139.91000366210938,140.47999572753906,138.4499969482422,139.97999572753906,240088
2023-12-29,140.57000732421875,141.0500030517578,139.5,139.99000549316406,175658
2024-01-01,141.97000122070312,142.2899932861328,140.0,141.5,196012
2024-01-02,141.91000366210938,142.83999633789062,139.25,142.74000549316406,162013
2024-01-03,142.02999877929688,143.38999938964844,140.74000549316406,143.38999938964844,123451
2024-01-04,143.50999450683594,143.8000030517578,142.0399932861328,143.44000244140625,166997
2024-01-05,144.2100067138672,144.69000244140625,143.1999969482422,143.92999267578125,238677
2024-01-08,143.74000549316406,145.44000244140625,143.0,145.44000244140625,243334
2024-01-09,144.14999389648438,145.38999938964844,143.85000610351562,145.38999938964844,127831
2024-01-10,144.07000732421875,144.99000549316406,143.22000122070312,144.99000549316406,157937
2024-01-11,145.3800048828125,145.47999572753906,143.0,145.08999633789062,165075
2024-01-12,145.94000244140625,146.50999450683594,145.42999267578125,146.00999450683594,199553
2024-01-15,145.94000244140625,145.94000244140625,145.94000244140625,145.94000244140625,0
2024-01-16,146.0500030517578,147.44000244140625,144.33999633789062,147.44000244140625,347679
2024-01-17,144.7100067138672,146.77999877929688,144.0,146.77999877929688,327350
2024-01-18,144.33999633789062,146.8000030517578,141.0,146.8000030517578,257544
2024-01-19,146.08999633789062,146.5,144.55999755859375,145.47999572753906,241149
2024-01-23,143.3699951171875,150.0,142.19000244140625,150.0,364582
2024-01-24,145.24000549316406,145.97999572753906,141.0800018310547,143.97000122070312,328359
2024-01-25,145.67999267578125,147.5399932861328,144.52000427246094,147.5399932861328,172384
2024-01-29,147.64999389648438,147.89999389648438,146.0,146.89999389648438,245276
2024-01-30,148.25999450683594,149.0,147.64999389648438,148.5,147808
2024-01-31,151.4199981689453,152.0,148.30999755859375,149.0399932861328,1563672
2024-02-01,151.82000732421875,155.9499969482422,150.24000549316406,152.38999938964844,960818
2024-02-02,152.82000732421875,155.4499969482422,152.0,155.4499969482422,363234
2024-02-05,152.2899932861328,154.9499969482422,151.1999969482422,154.9499969482422,1637555
2024-02-06,154.1699981689453,155.89999389648438,152.2899932861328,155.0,145012
2024-02-07,154.61000061035156,156.39999389648438,153.85000610351562,156.38999938964844,190765
2024-02-08,153.97000122070312,155.9499969482422,153.82000732421875,155.5,243103
2024-02-09,152.35000610351562,158.6199951171875,149.75,158.60000610351562,438323
2024-02-12,146.88999938964844,156.89999389648438,146.0,156.89999389648438,1270494
2024-02-13,147.1699981689453,151.3000030517578,143.0,151.3000030517578,465515
2024-02-14,148.89999389648438,150.85000610351562,144.47000122070312,150.85000610351562,178548
2024-02-15,150.7100067138672,151.99000549316406,148.91000366210938,151.99000549316406,228534
2024-02-16,151.77999877929688,153.0,150.8300018310547,150.97999572753906,168628
2024-02-19,152.35000610351562,153.47999572753906,150.5500030517578,152.63999938964844,164111
2024-02-20,151.72000122070312,153.0,151.30999755859375,152.38999938964844,234210
2024-02-21,150.61000061035156,153.1999969482422,149.6999969482422,152.27999877929688,167257
2024-02-22,151.5800018310547,154.0,149.25999450683594,152.39999389648438,144983
2024-02-23,152.36000061035156,157.7899932861328,151.52000427246094,155.4600067138672,142831
2024-02-26,152.16000366210938,155.0,151.22999572753906,152.0,442603
2024-02-27,152.30999755859375,153.1999969482422,152.0,153.19000244140625,144181
2024-02-28,149.7899932861328,153.14999389648438,149.39999389648438,153.14999389648438,327159
2024-02-29,149.8699951171875,154.3000030517578,147.52000427246094,154.3000030517578,181953
2024-03-01,150.85000610351562,152.3000030517578,150.0,150.97999572753906,157627
2024-03-04,151.5,153.99000549316406,151.05999755859375,153.83999633789062,153731
2024-03-05,150.60000610351562,153.25,150.0,153.25,153715
2024-03-06,147.67999267578125,151.4600067138672,145.97999572753906,150.61000061035156,715045
2024-03-07,148.8800048828125,149.2899932861328,143.99000549316406,149.2899932861328,164074
2024-03-11,146.02000427246094,153.35000610351562,145.60000610351562,153.35000610351562,729158
2024-03-12,142.83999633789062,147.3000030517578,142.1999969482422,147.1999969482422,916002
2024-03-13,137.9199981689453,145.99000549316406,134.8000030517578,145.99000549316406,2050339
2024-03-14,139.69000244140625,141.61000061035156,133.55999755859375,140.49000549316406,801147
2024-03-15,139.86000061035156,143.1999969482422,137.3300018310547,143.1999969482422,506297
2024-03-18,139.6699981689453,142.63999938964844,138.61000061035156,142.63999938964844,400744
2024-03-19,137.97999572753906,142.99000549316406,137.6999969482422,142.99000549316406,414388
2024-03-20,138.0800018310547,142.10000610351562,136.0,142.10000610351562,340587
2024-03-21,141.25,141.5,138.2100067138672,141.5,268106
2024-03-22,142.52000427246094,142.6999969482422,140.99000549316406,141.75999450683594,195255
2024-03-26,142.8699951171875,143.67999267578125,141.30999755859375,143.3000030517578,344317
2024-03-27,143.60000610351562,144.22999572753906,142.8800048828125,143.22000122070312,326254
2024-03-28,144.11000061035156,145.0,143.60000610351562,144.5,323644
2024-04-01,147.66000366210938,151.32000732421875,144.1999969482422,148.0,567624
2024-04-02,149.24000549316406,149.32000732421875,147.00999450683594,147.9499969482422,527067
2024-04-03,150.8300018310547,151.0,146.10000610351562,149.5,587007
2024-04-04,151.75,153.9499969482422,150.00999450683594,150.82000732421875,392693
2024-04-05,152.6199951171875,152.8000030517578,151.02000427246094,151.67999267578125,376082
2024-04-08,153.13999938964844,153.94000244140625,152.11000061035156,152.11000061035156,338703
2024-04-09,153.08999633789062,154.39999389648438,152.0,153.99000549316406,259938
2024-04-10,154.25,154.99000549316406,150.10000610351562,154.10000610351562,528997
2024-04-12,153.97999572753906,155.10000610351562,153.0,155.10000610351562,451706
2024-04-15,151.66000366210938,158.60000610351562,148.0,158.60000610351562,604886
2024-04-16,152.42999267578125,153.25,150.61000061035156,151.66000366210938,242588
2024-04-18,152.52999877929688,154.24000549316406,149.61000061035156,149.61000061035156,346163
2024-04-19,152.3000030517578,152.72999572753906,149.0500030517578,151.99000549316406,354654
2024-04-22,154.55999755859375,155.5,152.5,152.50999450683594,238882
2024-04-23,155.00999450683594,155.6300048828125,154.2100067138672,154.99000549316406,252938
2024-04-24,156.60000610351562,156.8800048828125,155.0,155.0,419191
2024-04-25,157.8300018310547,157.99000549316406,154.5500030517578,156.61000061035156,327369
2024-04-26,158.99000549316406,159.55999755859375,157.85000610351562,157.97999572753906,523491
2024-04-29,158.9600067138672,160.0,158.33999633789062,159.5500030517578,395142
2024-04-30,159.02000427246094,161.0,158.89999389648438,159.83999633789062,316904
2024-05-02,159.1300048828125,163.8000030517578,158.9499969482422,163.8000030517578,282696
2024-05-03,158.72000122070312,160.0,157.67999267578125,159.99000549316406,430853
2024-05-06,156.6699981689453,161.0,156.05999755859375,161.0,443369
2024-05-07,154.08999633789062,159.39999389648438,153.0500030517578,156.6699981689453,538702
2024-05-08,154.77999877929688,156.0,149.99000549316406,156.0,293142
2024-05-09,151.2100067138672,156.2100067138672,150.5,156.2100067138672,574769
2024-05-10,151.86000061035156,154.1999969482422,149.11000061035156,152.99000549316406,430644
2024-05-13,151.22000122070312,153.9499969482422,148.42999267578125,153.47999572753906,499482
2024-05-14,153.52999877929688,153.9199981689453,149.5,153.8000030517578,224465
2024-05-15,155.07000732421875,158.14999389648438,153.5800018310547,158.14999389648438,768779
2024-05-16,156.02999877929688,156.47999572753906,155.0,155.5,316298
2024-05-17,157.89999389648438,159.3000030517578,156.02999877929688,159.3000030517578,270581
2024-05-21,159.0399932861328,159.89999389648438,158.50999450683594,158.8699951171875,426774
2024-05-22,159.25999450683594,160.47999572753906,157.6999969482422,159.7899932861328,357975
2024-05-23,159.05999755859375,160.3800048828125,158.57000732421875,159.27000427246094,243626
2024-05-24,159.3800048828125,163.85000610351562,158.1999969482422,163.85000610351562,539618
2024-05-27,159.5,161.24000549316406,158.6999969482422,161.24000549316406,406981
2024-05-28,158.47000122070312,163.0,157.75999450683594,163.0,269939
2024-05-29,158.6699981689453,163.1999969482422,157.0,163.1999969482422,395039
2024-05-30,156.60000610351562,163.4499969482422,156.0,163.4499969482422,428895
2024-05-31,157.17999267578125,159.89999389648438,155.5,159.89999389648438,261924
2024-06-03,160.4499969482422,163.3000030517578,159.25,161.89999389648438,765297
2024-06-04,157.22999572753906,162.5,149.5,162.5,1824279
2024-06-05,153.38999938964844,158.5,146.69000244140625,156.0,1200077
2024-06-06,157.83999633789062,158.89999389648438,153.1999969482422,158.0,986832
2024-06-07,161.25999450683594,163.0,157.8699951171875,158.89999389648438,1702938
2024-06-10,163.27000427246094,163.75,161.42999267578125,162.97999572753906,497050
2024-06-11,165.02999877929688,165.49000549316406,163.3800048828125,163.77000427246094,739104
2024-06-12,166.4499969482422,166.6999969482422,165.02999877929688,165.47999572753906,898256
2024-06-13,170.0800018310547,171.4499969482422,166.5500030517578,166.85000610351562,492543
2024-06-14,169.3800048828125,175.1999969482422,168.02999877929688,175.1999969482422,754741
2024-06-18,170.88999938964844,172.0,168.99000549316406,172.0,427006
2024-06-19,170.11000061035156,176.0,168.38999938964844,176.0,594110
2024-06-20,171.35000610351562,171.77000427246094,169.16000366210938,171.0500030517578,659333
2024-06-21,171.27999877929688,174.39999389648438,170.91000366210938,174.39999389648438,358620
2024-06-24,170.9199981689453,172.49000549316406,169.0500030517578,172.49000549316406,300649
2024-06-25,171.4199981689453,173.05999755859375,170.9199981689453,171.77999877929688,381223
2024-06-26,171.4499969482422,172.3699951171875,171.0,171.42999267578125,230914
2024-06-27,170.4199981689453,172.5399932861328,169.4499969482422,171.5399932861328,447571
2024-06-28,172.1199951171875,173.0,170.42999267578125,170.99000549316406,317223
2024-07-01,174.55999755859375,174.92999267578125,172.1199951171875,174.92999267578125,642315
2024-07-02,175.2100067138672,176.10000610351562,173.1999969482422,173.72000122070312,494127
2024-07-03,175.39999389648438,176.0,175.0,175.49000549316406,416950
2024-07-04,176.6300048828125,177.14999389648438,175.41000366210938,176.19000244140625,361068
2024-07-05,178.19000244140625,179.4499969482422,176.52999877929688,179.4499969482422,510119
2024-07-08,178.32000732421875,183.0,177.00999450683594,178.9199981689453,562697
2024-07-09,178.14999389648438,183.0,177.0,183.0,512526
2024-07-10,176.6999969482422,178.88999938964844,173.25999450683594,178.5,807218
2024-07-11,177.1300048828125,177.94000244140625,175.80999755859375,176.0500030517578,237299
2024-07-12,177.50999450683594,179.49000549316406,175.0,177.00999450683594,327251
2024-07-15,177.97000122070312,179.3000030517578,176.64999389648438,179.3000030517578,281044
2024-07-16,178.77999877929688,179.99000549316406,178.00999450683594,179.49000549316406,306340
2024-07-18,176.9499969482422,180.25,176.0,180.25,561524
2024-07-19,172.97999572753906,182.25,172.1999969482422,182.25,950616
2024-07-22,174.1300048828125,176.60000610351562,170.10000610351562,172.1999969482422,650752
2024-07-23,173.22000122070312,174.88999938964844,166.0,174.8800048828125,769319
2024-07-24,176.38999938964844,176.5,173.22000122070312,173.60000610351562,500431
2024-07-25,175.8800048828125,177.25999450683594,174.39999389648438,177.25999450683594,280673
2024-07-26,177.24000549316406,177.6999969482422,175.88999938964844,176.0,243397
2024-07-29,178.89999389648438,179.5,175.5,175.5,358278
2024-07-30,180.64999389648438,181.0,178.30999755859375,178.97999572753906,442251
2024-07-31,180.50999450683594,181.75999450683594,180.10000610351562,181.75999450683594,331922
2024-08-01,178.97999572753906,181.67999267578125,178.3000030517578,180.6699981689453,407885
2024-08-02,178.07000732421875,184.35000610351562,175.85000610351562,184.35000610351562,367232
2024-08-05,173.99000549316406,176.89999389648438,169.30999755859375,176.89999389648438,1622309
2024-08-06,169.8800048828125,175.3699951171875,169.39999389648438,174.99000549316406,896855
2024-08-07,173.77000427246094,174.5,170.5500030517578,170.55999755859375,647863
2024-08-08,173.58999633789062,175.4499969482422,172.27000427246094,175.4499969482422,309599
2024-08-09,174.7100067138672,176.35000610351562,174.00999450683594,174.99000549316406,498405
2024-08-12,174.82000732421875,177.0,172.8800048828125,177.0,327123
2024-08-13,173.0500030517578,175.77999877929688,172.72999572753906,175.77999877929688,328624
2024-08-14,172.02000427246094,174.8000030517578,170.89999389648438,173.97999572753906,289421
2024-08-16,174.89999389648438,175.0,172.0,174.49000549316406,267462
2024-08-19,177.07000732421875,177.5,169.64999389648438,169.64999389648438,397999
2024-08-20,178.44000244140625,179.9499969482422,176.9499969482422,179.9499969482422,395306
2024-08-21,179.75999450683594,179.97000122070312,177.0,179.92999267578125,296890
2024-08-22,181.27000427246094,181.85000610351562,179.10000610351562,179.92999267578125,416542
2024-08-23,181.2100067138672,182.69000244140625,180.02999877929688,182.3000030517578,560592
2024-08-26,181.5399932861328,182.69000244140625,181.2100067138672,182.67999267578125,344150
2024-08-27,182.7899932861328,182.97000122070312,181.5,181.5399932861328,315761
2024-08-28,183.05999755859375,183.85000610351562,182.5500030517578,182.7899932861328,343064
2024-08-29,182.0500030517578,184.49000549316406,181.25,184.16000366210938,620826
2024-08-30,183.07000732421875,183.4499969482422,182.0500030517578,182.0500030517578,308045
2024-09-02,182.88999938964844,185.8699951171875,182.25999450683594,185.8699951171875,375314
2024-09-03,183.8300018310547,184.49000549316406,182.85000610351562,184.49000549316406,264648
2024-09-04,184.0800018310547,186.0,180.10000610351562,186.0,415483
2024-09-05,185.97999572753906,186.1999969482422,183.8000030517578,184.99000549316406,489837
2024-09-06,184.32000732421875,187.9499969482422,183.5500030517578,186.0399932861328,844200
2024-09-09,182.8699951171875,186.6300048828125,180.72999572753906,185.47999572753906,767741
2024-09-10,184.97999572753906,185.9499969482422,183.6999969482422,185.9499969482422,332826
2024-09-11,183.44000244140625,186.0500030517578,183.00999450683594,186.0500030517578,461060
2024-09-12,184.8800048828125,185.33999633789062,183.61000061035156,185.33999633789062,320890
2024-09-13,186.08999633789062,186.8300018310547,184.0500030517578,185.0,427626
2024-09-16,186.8300018310547,187.2899932861328,186.08999633789062,186.6999969482422,383663
2024-09-17,186.66000366210938,187.5,185.3000030517578,187.5,300094
2024-09-18,185.9499969482422,187.0,185.00999450683594,186.5,354572
2024-09-19,183.82000732421875,189.9499969482422,181.75999450683594,189.9499969482422,1288750
2024-09-20,185.2899932861328,186.0,184.05999755859375,185.99000549316406,471200
2024-09-23,186.8000030517578,188.25999450683594,185.5,186.33999633789062,418262
2024-09-24,186.77000427246094,188.82000732421875,186.1199951171875,188.82000732421875,398287
2024-09-25,185.97000122070312,187.1999969482422,185.6999969482422,186.7899932861328,399167
2024-09-26,185.58999633789062,186.5,185.0,186.3800048828125,350132
2024-09-27,186.19000244140625,186.99000549316406,185.22000122070312,186.99000549316406,397823
2024-09-30,184.75999450683594,186.39999389648438,181.0,186.38999938964844,602724
2024-10-01,186.4199981689453,187.0,184.75999450683594,184.75999450683594,342103
2024-10-03,184.1699981689453,189.0,182.0,189.0,1004266
2024-10-04,183.0,184.99000549316406,180.5,184.97999572753906,780542
2024-10-07,177.86000061035156,185.38999938964844,174.52999877929688,185.38999938964844,2337999
2024-10-08,179.82000732421875,180.3300018310547,176.0,179.99000549316406,881271
2024-10-09,181.94000244140625,183.0,180.02999877929688,183.0,502228
2024-10-10,182.3800048828125,184.94000244140625,182.1699981689453,184.44000244140625,290804
2024-10-11,183.0500030517578,185.22999572753906,181.32000732421875,185.22999572753906,307293
2024-10-14,183.6699981689453,184.44000244140625,181.8000030517578,183.86000061035156,309383
2024-10-15,184.92999267578125,185.19000244140625,180.10000610351562,180.10000610351562,381870
2024-10-16,185.85000610351562,186.14999389648438,184.10000610351562,185.22000122070312,401571
2024-10-17,183.58999633789062,186.5,183.33999633789062,186.41000366210938,552850
2024-10-18,183.38999938964844,185.2899932861328,180.5,185.2899932861328,928841
2024-10-21,180.6699981689453,187.0,180.3000030517578,187.0,524535
2024-10-22,174.25,181.99000549316406,173.5,181.99000549316406,1769107
2024-10-23,175.44000244140625,178.89999389648438,171.1999969482422,177.0,1064226
2024-10-24,174.8699951171875,178.0,174.32000732421875,178.0,407460
2024-10-25,170.7899932861328,177.0,169.10000610351562,177.0,1280899
2024-10-28,172.52000427246094,173.08999633789062,169.89999389648438,172.9499969482422,705348
2024-10-29,173.6300048828125,174.0,170.5,173.0,503624
2024-10-30,175.82000732421875,177.6999969482422,173.7100067138672,177.6999969482422,370146
2024-10-31,178.22000122070312,178.61000061035156,175.3000030517578,176.92999267578125,352257
2024-11-01,178.22000122070312,178.22000122070312,178.22000122070312,178.22000122070312,0
2024-11-04,175.4600067138672,181.0,174.3000030517578,180.1300048828125,1866662
2024-11-05,177.7899932861328,180.0,174.61000061035156,180.0,545605
2024-11-06,181.30999755859375,181.5,177.99000549316406,181.0,815670
2024-11-07,180.0800018310547,186.75,179.47999572753906,186.75,673335
2024-11-08,177.5800018310547,181.00999450683594,177.07000732421875,181.00999450683594,669348
2024-11-11,175.42999267578125,179.4499969482422,175.0500030517578,179.44000244140625,619958
2024-11-12,174.35000610351562,177.49000549316406,173.61000061035156,177.49000549316406,475167
2024-11-13,168.3300018310547,175.00999450683594,167.11000061035156,175.00999450683594,1877481
2024-11-14,169.14999389648438,170.5399932861328,168.3300018310547,170.32000732421875,613427
2024-11-18,167.91000366210938,172.14999389648438,167.02000427246094,169.14999389648438,691010
2024-11-19,169.27999877929688,171.3000030517578,168.0,168.9600067138672,1214066
2024-11-21,168.5399932861328,171.0,167.5,171.0,552954
2024-11-22,170.1999969482422,171.6999969482422,168.1999969482422,171.6999969482422,423643
2024-11-25,173.72999572753906,179.97000122070312,171.25,175.3000030517578,636443
2024-11-26,174.80999755859375,175.0,173.64999389648438,174.00999450683594,848670
2024-11-27,176.2100067138672,180.0500030517578,174.39999389648438,180.0500030517578,292449
2024-11-28,176.02000427246094,178.11000061035156,175.4600067138672,177.0,1850528
2024-11-29,177.5800018310547,177.89999389648438,176.02000427246094,177.0,355891
2024-12-02,179.1300048828125,181.0,175.1999969482422,181.0,393335
2024-12-03,180.86000061035156,181.89999389648438,179.0,181.89999389648438,462533
2024-12-04,182.3699951171875,183.0,180.86000061035156,181.00999450683594,688239
2024-12-05,182.72000122070312,183.47999572753906,182.17999267578125,183.00999450683594,763418
2024-12-06,184.14999389648438,184.5,182.85000610351562,183.58999633789062,455429
2024-12-09,185.02999877929688,185.2100067138672,183.7100067138672,184.88999938964844,487907
2024-12-10,184.92999267578125,185.97000122070312,184.1300048828125,185.7899932861328,409733
2024-12-11,186.00999450683594,186.24000549316406,185.0,185.47999572753906,657553
2024-12-12,184.32000732421875,186.8800048828125,184.10000610351562,186.00999450683594,445048
2024-12-13,183.8000030517578,184.9499969482422,180.5,184.9499969482422,625761
2024-12-16,184.52000427246094,185.07000732421875,183.25999450683594,185.0,384988
2024-12-17,183.0399932861328,185.94000244140625,182.52000427246094,185.0,410603
2024-12-18,182.17999267578125,184.8699951171875,181.63999938964844,184.8699951171875,272116
2024-12-19,181.55999755859375,183.0,178.83999633789062,183.0,934952
2024-12-20,178.22999572753906,182.6699981689453,177.57000732421875,182.3800048828125,815273
2024-12-23,177.3000030517578,181.0,176.10000610351562,180.49000549316406,572171
2024-12-24,177.38999938964844,179.0,176.02000427246094,179.0,315049
2024-12-26,177.4499969482422,180.38999938964844,176.41000366210938,180.38999938964844,279975
2024-12-27,178.27000427246094,178.89999389648438,176.8000030517578,178.89999389648438,242744
2024-12-30,177.39999389648438,179.75,176.02999877929688,179.0,420000
2024-12-31,178.66000366210938,180.10000610351562,176.10000610351562,180.10000610351562,296264
2025-01-01,180.32000732421875,181.67999267578125,177.5500030517578,178.9600067138672,349666
2025-01-02,181.2100067138672,181.6999969482422,180.0,181.69000244140625,287710
2025-01-03,180.91000366210938,186.64999389648438,180.1999969482422,186.64999389648438,315896
2025-01-06,175.60000610351562,183.85000610351562,175.10000610351562,183.85000610351562,860138
2025-01-07,177.5800018310547,178.41000366210938,175.60000610351562,176.47999572753906,327279
2025-01-08,175.6300048828125,182.89999389648438,174.5500030517578,182.89999389648438,414415
2025-01-09,173.63999938964844,176.77000427246094,173.24000549316406,176.77000427246094,353212
2025-01-10,169.50999450683594,178.85000610351562,169.25,178.85000610351562,1082376
2025-01-13,163.07000732421875,170.8000030517578,158.6199951171875,169.50999450683594,2070736
2025-01-14,165.2899932861328,166.49000549316406,162.60000610351562,164.00999450683594,902593
2025-01-15,166.0399932861328,167.24000549316406,164.0,166.0,382412
2025-01-16,168.30999755859375,171.0,166.3000030517578,171.0,377339
2025-01-17,168.19000244140625,170.0,166.60000610351562,170.0,394398
2025-01-20,169.47000122070312,169.99000549316406,167.5,169.99000549316406,360659
2025-01-21,165.9199981689453,170.75,165.5800018310547,170.74000549316406,672513
2025-01-22,163.17999267578125,167.99000549316406,161.0,167.99000549316406,797736
2025-01-23,163.77999877929688,165.3800048828125,162.0,164.77999877929688,481305
2025-01-24,161.0500030517578,167.72000122070312,160.63999938964844,167.72000122070312,598377
2025-01-27,155.1199951171875,163.75,153.30999755859375,161.89999389648438,2557531
2025-01-28,152.07000732421875,157.1199951171875,149.0,156.0,1957740
2025-01-29,157.10000610351562,157.41000366210938,152.07000732421875,153.0,857271
2025-01-30,156.91000366210938,159.0800018310547,156.4499969482422,158.25,973261
2025-01-31,159.88999938964844,164.0,156.6999969482422,158.4600067138672,722913
2025-02-01,160.49000549316406,164.6999969482422,157.33999633789062,164.6999969482422,967807
2025-02-03,157.64999389648438,161.0,157.0,161.0,632333
2025-02-04,159.52000427246094,160.89999389648438,157.64999389648438,160.89999389648438,860467
2025-02-05,163.47000122070312,166.0,160.0,161.49000549316406,772369
2025-02-06,161.8800048828125,164.4499969482422,160.6699981689453,163.49000549316406,553113
2025-02-07,161.24000549316406,162.8800048828125,159.8000030517578,162.0500030517578,426746
2025-02-10,157.7100067138672,162.82000732421875,157.0,162.82000732421875,719940
2025-02-11,152.5399932861328,158.00999450683594,151.64999389648438,157.7100067138672,1673786
2025-02-12,151.41000366210938,153.00999450683594,146.89999389648438,153.00999450683594,1891504
2025-02-13,150.9600067138672,152.97999572753906,150.02999877929688,152.00999450683594,605105
2025-02-14,146.02000427246094,152.17999267578125,144.60000610351562,151.75,2376344
2025-02-17,145.63999938964844,150.39999389648438,142.5500030517578,150.39999389648438,1204212
2025-02-18,143.52999877929688,148.63999938964844,142.47999572753906,146.00999450683594,1292467
2025-02-19,146.83999633789062,148.0,142.36000061035156,145.0,1317463
2025-02-20,148.69000244140625,148.94000244140625,145.52999877929688,148.0,1421573
2025-02-21,147.2899932861328,150.9499969482422,146.8000030517578,149.0,1831620
2025-02-24,145.9499969482422,151.6999969482422,144.0,151.6999969482422,829804
2025-02-25,145.25,146.97999572753906,145.0,146.47000122070312,557157
2025-02-27,142.66000366210938,145.9600067138672,142.47999572753906,145.88999938964844,916923
2025-02-28,139.5500030517578,145.9499969482422,138.1300048828125,145.9499969482422,2046001
2025-03-03,138.44000244140625,142.8000030517578,135.2100067138672,142.8000030517578,1856805
2025-03-04,139.94000244140625,140.5800018310547,136.0,138.89999389648438,1144676
2025-03-05,143.80999755859375,143.97000122070312,139.80999755859375,141.77999877929688,1143655
2025-03-06,146.08999633789062,146.89999389648438,144.2100067138672,146.0,860591
2025-03-07,146.91000366210938,147.99000549316406,145.25,147.0,1131344
2025-03-10,144.05999755859375,147.97999572753906,143.36000061035156,146.97000122070312,711528
2025-03-11,143.16000366210938,144.99000549316406,139.8000030517578,144.05999755859375,851295
2025-03-12,142.77999877929688,144.13999938964844,141.60000610351562,143.8800048828125,500481
2025-03-13,141.8699951171875,143.38999938964844,141.66000366210938,143.38999938964844,580988
2025-03-17,142.25999450683594,144.8000030517578,140.7100067138672,144.8000030517578,670952
2025-03-18,142.25999450683594,142.25999450683594,142.25999450683594,142.25999450683594,0
2025-03-19,148.9600067138672,149.36000061035156,145.99000549316406,146.0399932861328,818092
2025-03-20,149.8300018310547,151.0,148.3000030517578,149.97000122070312,1424995
2025-03-21,152.97999572753906,153.60000610351562,149.8300018310547,149.8300018310547,1069049
2025-03-24,154.72000122070312,155.75999450683594,153.1999969482422,153.89999389648438,1348596
2025-03-25,152.5,158.0,151.8000030517578,155.0,1282614
2025-03-26,150.6699981689453,154.72000122070312,150.5,153.49000549316406,660802
2025-03-27,152.3000030517578,153.97999572753906,149.4600067138672,152.42999267578125,709446
2025-03-28,152.07000732421875,153.99000549316406,151.1199951171875,153.0,762438
2025-04-01,151.0500030517578,152.5,150.05999755859375,151.97000122070312,857058
2025-04-02,152.35000610351562,152.64999389648438,149.00999450683594,151.8800048828125,692417
2025-04-03,153.3800048828125,156.89999389648438,150.0500030517578,156.89999389648438,854051
2025-04-04,148.7100067138672,153.8800048828125,147.5,153.30999755859375,1612699
2025-04-07,144.1999969482422,149.0,136.27000427246094,149.0,3212524
2025-04-08,145.6699981689453,148.8000030517578,143.02999877929688,146.39999389648438,1313338
2025-04-09,144.36000061035156,145.49000549316406,143.1300048828125,145.35000610351562,553609
2025-04-11,148.7100067138672,148.89999389648438,145.8000030517578,146.8000030517578,909736
2025-04-15,153.1300048828125,153.39999389648438,148.0,153.14999389648438,941249
2025-04-16,154.66000366210938,157.6999969482422,152.27999877929688,157.6999969482422,1055432
2025-04-17,155.16000366210938,155.6300048828125,153.55999755859375,154.35000610351562,800089
2025-04-21,158.39999389648438,158.75,155.27999877929688,157.02000427246094,2446975
2025-04-22,159.19000244140625,159.97000122070312,157.77999877929688,158.39999389648438,1042122
2025-04-23,159.72000122070312,160.50999450683594,157.27999877929688,159.2100067138672,1028520
2025-04-24,159.11000061035156,160.39999389648438,156.0,159.72000122070312,901732
2025-04-25,155.7899932861328,161.6300048828125,154.0,161.6300048828125,1420839
2025-04-28,156.77000427246094,157.88999938964844,154.1999969482422,157.88999938964844,697898
2025-04-29,157.1699981689453,158.75,152.07000732421875,155.1999969482422,655128
2025-04-30,154.3699951171875,158.77999877929688,153.77999877929688,158.77999877929688,784687
2025-05-02,153.97999572753906,155.89999389648438,153.0,155.8800048828125,681504
2025-05-05,156.16000366210938,156.8000030517578,154.0,156.8000030517578,636879
2025-05-06,152.67999267578125,160.0,152.47999572753906,158.10000610351562,950574
2025-05-07,154.10000610351562,154.66000366210938,147.0,153.5,959679
2025-05-08,152.1199951171875,156.0,151.24000549316406,154.2100067138672,2264614
2025-05-09,151.6199951171875,153.0,148.7100067138672,151.0,2178964
2025-05-12,157.67999267578125,158.0,154.38999938964844,155.99000549316406,1330401
2025-05-13,158.49000549316406,158.88999938964844,157.05999755859375,158.85000610351562,1254055
2025-05-14,161.0399932861328,161.3800048828125,158.60000610351562,159.33999633789062,826733
2025-05-15,162.36000061035156,162.5,161.0399932861328,161.22000122070312,975901
2025-05-16,164.5399932861328,164.99000549316406,162.0399932861328,164.99000549316406,1196487
2025-05-19,165.86000061035156,167.0,164.5,165.9499969482422,983552
2025-05-20,164.13999938964844,167.08999633789062,163.6999969482422,165.86000061035156,1684033
2025-05-21,165.02000427246094,165.67999267578125,163.44000244140625,164.1999969482422,652288
2025-05-22,164.8300018310547,166.3000030517578,163.72000122070312,166.3000030517578,750567
2025-05-23,166.1699981689453,166.30999755859375,164.0,165.25999450683594,599460
2025-05-26,167.11000061035156,168.25,166.17999267578125,166.89999389648438,796100
2025-05-27,167.44000244140625,168.5,166.5500030517578,168.5,1524952
2025-05-28,168.0500030517578,168.42999267578125,167.36000061035156,167.4499969482422,573623
2025-05-29,168.52999877929688,169.49000549316406,168.0,169.3300018310547,445640
2025-05-30,168.99000549316406,170.39999389648438,168.0,170.39999389648438,868024
2025-06-02,170.3699951171875,170.66000366210938,168.0,170.66000366210938,827232
2025-06-03,170.72999572753906,174.0,169.9499969482422,174.0,826404
2025-06-04,171.60000610351562,171.80999755859375,169.64999389648438,171.19000244140625,694470
2025-06-05,172.6300048828125,173.5,171.1999969482422,173.5,723597
2025-06-06,173.3699951171875,177.80999755859375,172.60000610351562,177.80999755859375,900359
2025-06-09,175.72000122070312,175.97999572753906,169.02999877929688,169.02999877929688,754968
2025-06-10,176.39999389648438,177.4199981689453,175.3000030517578,176.0,850599
2025-06-11,176.0500030517578,177.47999572753906,174.33999633789062,176.41000366210938,1067836
2025-06-12,174.0,180.4499969482422,173.1199951171875,180.4499969482422,1279080
2025-06-13,172.9600067138672,173.60000610351562,170.0,172.8000030517578,1561955
2025-06-16,174.08999633789062,174.2100067138672,170.0,174.0,1546245
2025-06-17,172.8000030517578,175.0,172.3800048828125,175.0,624112
2025-06-18,172.30999755859375,177.0,171.00999450683594,177.0,891429
2025-06-19,169.2100067138672,173.0,168.6999969482422,172.47000122070312,1326320
2025-06-20,170.24000549316406,173.44000244140625,167.0,173.44000244140625,811649
2025-06-23,171.47999572753906,173.99000549316406,165.97999572753906,165.97999572753906,949765
2025-06-24,172.83999633789062,174.0,172.00999450683594,173.5,746135
2025-06-25,175.66000366210938,177.16000366210938,172.5500030517578,177.16000366210938,1266912
2025-06-26,176.0,176.5,175.0,175.1999969482422,949414
2025-06-27,177.39999389648438,180.39999389648438,176.08999633789062,180.39999389648438,1372077
2025-06-30,179.0399932861328,179.89999389648438,176.39999389648438,177.8000030517578,1272285
2025-07-01,178.4600067138672,180.1999969482422,177.66000366210938,179.47999572753906,1326813
2025-07-02,177.1699981689453,180.0,176.8000030517578,180.0,1108164
2025-07-03,178.25,178.86000061035156,176.97000122070312,177.17999267578125,1797775
2025-07-04,178.17999267578125,179.17999267578125,177.39999389648438,178.25,1152266
2025-07-07,177.97999572753906,178.85000610351562,173.72000122070312,173.72000122070312,486124
2025-07-08,177.3699951171875,179.9499969482422,176.25999450683594,179.9499969482422,744412
2025-07-09,178.8699951171875,181.8000030517578,177.0399932861328,181.8000030517578,767191
2025-07-10,178.72000122070312,179.5,177.5,179.5,517163
2025-07-11,177.22999572753906,183.17999267578125,176.67999267578125,183.17999267578125,923429
2025-07-14,178.97000122070312,179.14999389648438,176.25,178.1999969482422,802725
2025-07-15,180.6199951171875,181.0,178.5399932861328,181.0,1879216
2025-07-16,180.91000366210938,181.1999969482422,180.0399932861328,180.5399932861328,722075
2025-07-17,181.3800048828125,182.27000427246094,180.82000732421875,180.91000366210938,868560
2025-07-18,179.7899932861328,181.8300018310547,177.50999450683594,181.4199981689453,3107970
2025-07-21,180.07000732421875,182.36000061035156,178.42999267578125,182.36000061035156,579186
2025-07-22,179.3699951171875,181.0,179.0,180.8699951171875,513750
2025-07-23,179.58999633789062,182.60000610351562,177.57000732421875,182.60000610351562,451067
2025-07-24,178.52999877929688,180.1300048828125,178.1999969482422,179.75999450683594,511399
2025-07-25,175.0800018310547,179.49000549316406,174.30999755859375,178.5399932861328,1612833
2025-07-28,172.91000366210938,175.58999633789062,172.5,175.5,1678910
2025-07-29,174.3800048828125,175.4199981689453,171.36000061035156,175.3000030517578,821318
2025-07-30,174.08999633789062,175.6199951171875,173.24000549316406,174.00999450683594,779652
2025-07-31,172.3000030517578,174.02999877929688,171.0500030517578,173.5,860214
2025-08-01,169.89999389648438,174.0,169.5500030517578,174.0,959023
2025-08-04,171.47000122070312,171.9600067138672,169.25,171.8000030517578,789879
2025-08-05,170.8699951171875,173.1199951171875,170.60000610351562,173.1199951171875,491105
2025-08-06,168.92999267578125,172.57000732421875,168.10000610351562,172.57000732421875,902561
2025-08-07,168.8800048828125,173.14999389648438,166.0500030517578,173.14999389648438,970111
2025-08-08,166.89999389648438,170.89999389648438,166.4499969482422,166.4499969482422,1001631
2025-08-11,167.52000427246094,167.8000030517578,165.24000549316406,167.8000030517578,942571
2025-08-12,167.4199981689453,169.0,167.0,169.0,548041
2025-08-13,168.63999938964844,168.89999389648438,167.64999389648438,167.77000427246094,589798
2025-08-14,168.05999755859375,169.5,167.5,169.5,651176
2025-08-18,170.2899932861328,172.89999389648438,169.0,169.75999450683594,1252799
2025-08-19,171.42999267578125,171.52000427246094,168.11000061035156,168.11000061035156,804897
2025-08-20,171.77000427246094,173.5,170.5,173.5,495826
2025-08-21,171.63999938964844,173.22999572753906,171.4199981689453,172.77000427246094,1508210
2025-08-22,171.3800048828125,172.27999877929688,170.91000366210938,171.77000427246094,588911
2025-08-25,171.7899932861328,172.94000244140625,171.3800048828125,172.27999877929688,661605
2025-08-26,168.77000427246094,176.94000244140625,168.47999572753906,176.94000244140625,1088127
2025-08-28,166.97999572753906,172.97999572753906,164.5500030517578,172.97999572753906,1269862
2025-08-29,166.36000061035156,171.14999389648438,165.66000366210938,171.14999389648438,1631505
2025-09-01,168.77999877929688,168.99000549316406,166.22000122070312,166.3000030517578,810537
2025-09-02,169.8000030517578,170.5800018310547,168.52999877929688,170.47999572753906,1020882
2025-09-03,171.22000122070312,173.35000610351562,169.14999389648438,171.0,960345
2025-09-04,169.50999450683594,172.9499969482422,169.25999450683594,171.5,1129013
2025-09-05,169.94000244140625,171.2899932861328,168.0,168.0,768538
2025-09-08,171.0500030517578,171.49000549316406,170.0399932861328,171.49000549316406,666313
2025-09-09,170.88999938964844,172.19000244140625,170.1999969482422,170.1999969482422,417046
2025-09-10,172.17999267578125,172.86000061035156,170.88999938964844,171.8000030517578,698091
2025-09-11,172.08999633789062,173.0800018310547,171.9600067138672,173.0800018310547,467035
2025-09-12,172.8800048828125,176.38999938964844,172.00999450683594,176.38999938964844,598325
2025-09-15,174.02000427246094,174.1699981689453,172.44000244140625,173.49000549316406,2070677
2025-09-16,175.6999969482422,176.99000549316406,173.86000061035156,175.02000427246094,2147878
2025-09-17,176.13999938964844,176.99000549316406,172.0,172.0,1465758
2025-09-18,175.7899932861328,177.49000549316406,175.1999969482422,177.49000549316406,662694
2025-09-19,176.02999877929688,177.0,175.58999633789062,177.0,695965
2025-09-22,174.02000427246094,178.0,173.14999389648438,177.0,2944803
2025-09-23,173.49000549316406,174.99000549316406,173.1999969482422,174.5,1791322
2025-09-24,172.63999938964844,174.49000549316406,172.35000610351562,174.49000549316406,646950
2025-09-25,171.94000244140625,174.3699951171875,171.60000610351562,174.3699951171875,1346343
2025-09-26,168.38999938964844,172.69000244140625,168.0500030517578,172.69000244140625,2210602
2025-09-29,168.17999267578125,170.5,167.6999969482422,170.5,983078
2025-09-30,167.7899932861328,172.3800048828125,166.91000366210938,172.3800048828125,983292
2025-10-01,169.88999938964844,170.1699981689453,166.4499969482422,166.4499969482422,1109417
2025-10-03,171.55999755859375,172.17999267578125,169.2100067138672,172.0,1737104
2025-10-06,171.3300018310547,173.39999389648438,170.8300018310547,171.02000427246094,873001
2025-10-07,171.4499969482422,172.4499969482422,170.9600067138672,172.4499969482422,786170
2025-10-08,170.3300018310547,171.99000549316406,169.8000030517578,171.4499969482422,967359
2025-10-09,171.4499969482422,171.6999969482422,170.0399932861328,170.3300018310547,864794
2025-10-10,172.47000122070312,172.5500030517578,171.0,171.61000061035156,974740
2025-10-13,171.58999633789062,172.32000732421875,170.69000244140625,172.32000732421875,1727595
2025-10-14,169.67999267578125,174.0,168.0500030517578,174.0,1329737
2025-10-15,171.8300018310547,172.0,170.0500030517578,170.80999755859375,706877
2025-10-16,172.52000427246094,173.0,171.63999938964844,172.69000244140625,1624458
2025-10-17,171.52000427246094,172.89999389648438,171.14999389648438,172.52000427246094,1581746
2025-10-20,172.58999633789062,175.02000427246094,171.52000427246094,173.97000122070312,1525616
2025-10-21,173.6699981689453,176.89999389648438,172.02000427246094,176.89999389648438,630535
2025-10-23,173.75999450683594,175.0,173.02000427246094,174.88999938964844,1176688
2025-10-27,174.67999267578125,178.19000244140625,173.00999450683594,178.19000244140625,932464
2025-10-28,174.33999633789062,175.38999938964844,174.00999450683594,174.77999877929688,532977
2025-10-29,175.0800018310547,175.22000122070312,174.00999450683594,174.99000549316406,578780
2025-10-30,174.92999267578125,175.41000366210938,174.5,175.19000244140625,554088
2025-10-31,174.10000610351562,175.9600067138672,173.3300018310547,175.33999633789062,1122470
2025-11-03,175.3699951171875,177.0,174.10000610351562,177.0,998278
2025-11-04,174.27000427246094,180.6300048828125,173.91000366210938,180.6300048828125,662627
2025-11-06,171.9499969482422,175.5,171.6999969482422,175.5,997894
2025-11-07,171.60000610351562,172.0,169.39999389648438,171.9499969482422,933188
2025-11-10,171.57000732421875,175.88999938964844,167.30999755859375,167.30999755859375,1463504
2025-11-11,171.33999633789062,174.0,170.5500030517578,173.49000549316406,558522
2025-11-12,172.6300048828125,173.0,171.5800018310547,172.19000244140625,1936552
2025-11-13,171.72999572753906,175.0,171.5,175.0,777465
2025-11-14,172.1699981689453,174.0800018310547,171.10000610351562,171.74000549316406,700967
2025-11-17,173.44000244140625,174.1699981689453,167.0,167.0,721697
2025-11-18,171.19000244140625,175.11000061035156,170.89999389648438,175.11000061035156,1062053
2025-11-19,170.6300048828125,174.0,170.33999633789062,174.0,1366665
2025-11-20,170.72999572753906,171.7899932861328,170.5500030517578,171.47999572753906,875986
2025-11-21,168.14999389648438,171.5800018310547,167.97999572753906,171.5800018310547,2175848
2025-11-24,167.3800048828125,170.14999389648438,167.0,170.13999938964844,994280
2025-11-25,167.69000244140625,168.0,166.6300048828125,167.97999572753906,2368441
2025-11-26,169.69000244140625,170.25,167.6999969482422,167.8300018310547,1198029
2025-11-27,169.10000610351562,170.49000549316406,168.57000732421875,170.49000549316406,803167
2025-11-28,168.72000122070312,169.99000549316406,168.32000732421875,169.99000549316406,711926
2025-12-01,169.0800018310547,170.5,168.72999572753906,170.4199981689453,1165320
2025-12-02,168.1699981689453,169.97999572753906,167.63999938964844,169.0800018310547,795154
2025-12-03,167.61000061035156,168.99000549316406,166.91000366210938,168.97999572753906,706834
2025-12-04,167.25,168.07000732421875,166.8000030517578,167.6199951171875,634758
2025-12-05,166.39999389648438,168.94000244140625,165.97999572753906,168.94000244140625,1451778
2025-12-08,162.52000427246094,168.5,162.0,168.5,3002751
2025-12-09,164.07000732421875,164.2899932861328,159.89999389648438,163.0,2244148
2025-12-10,162.77999877929688,165.39999389648438,162.52999877929688,165.39999389648438,5635694
2025-12-11,163.92999267578125,164.0800018310547,162.17999267578125,163.99000549316406,1308253
2025-12-12,165.27999877929688,165.39999389648438,163.91000366210938,165.3800048828125,1183988
2025-12-15,165.91000366210938,166.05999755859375,164.6300048828125,165.3000030517578,956649
2025-12-16,164.39999389648438,165.8800048828125,164.0,165.8699951171875,1094594
2025-12-17,163.25999450683594,165.1999969482422,163.0,165.1999969482422,779956
2025-12-18,162.9499969482422,167.33999633789062,161.8000030517578,167.33999633789062,803916
2025-12-22,167.05999755859375,167.5,165.50999450683594,166.60000610351562,2532443
2025-12-23,167.35000610351562,167.83999633789062,166.36000061035156,167.77000427246094,1082159
2025-12-24,167.25,168.25,167.0,168.1199951171875,903530
2025-12-26,167.07000732421875,167.88999938964844,166.9199981689453,167.25,907881
2025-12-29,166.1699981689453,167.6699981689453,165.5800018310547,167.4600067138672,4460532
2025-12-30,165.92999267578125,166.80999755859375,165.0800018310547,166.2100067138672,996333
2025-12-31,167.7100067138672,168.2100067138672,165.7100067138672,165.7100067138672,1912773
2026-01-01,167.52999877929688,168.4600067138672,167.0800018310547,168.07000732421875,569348
2026-01-02,168.85000610351562,171.7100067138672,167.4199981689453,171.7100067138672,1145532
2026-01-05,169.3300018310547,169.99000549316406,168.52999877929688,169.6999969482422,1739801
2026-01-06,168.8300018310547,172.39999389648438,165.0,172.39999389648438,614640
2026-01-07,169.19000244140625,170.17999267578125,168.14999389648438,170.17999267578125,590754
2026-01-08,166.22000122070312,169.22000122070312,166.0,169.19000244140625,953941
2026-01-09,163.47000122070312,167.4600067138672,163.22000122070312,167.4600067138672,1673226
2026-01-12,162.22000122070312,164.99000549316406,160.0,164.75,2619909
2026-01-13,163.0,163.83999633789062,162.10000610351562,163.0,884331
2026-01-14,163.97000122070312,164.1999969482422,162.61000061035156,163.91000366210938,976164
2026-01-15,163.97000122070312,163.97000122070312,163.97000122070312,163.97000122070312,0
2026-01-16,163.33999633789062,165.60000610351562,163.25999450683594,165.60000610351562,730914
2026-01-19,161.4600067138672,164.24000549316406,161.3000030517578,164.24000549316406,1259750
2026-01-20,157.3300018310547,162.02999877929688,156.5,160.3000030517578,3048176
2026-01-21,155.82000732421875,157.3800048828125,154.00999450683594,157.3800048828125,4129440
2026-01-22,157.33999633789062,158.5500030517578,156.10000610351562,157.44000244140625,2217224
2026-01-23,154.1999969482422,158.30999755859375,153.4499969482422,158.30999755859375,2489322
2026-01-27,154.67999267578125,155.3800048828125,153.0,155.36000061035156,2161557
2026-01-28,157.6999969482422,157.89999389648438,154.9499969482422,155.5,1713760
2026-01-29,157.5399932861328,158.32000732421875,156.05999755859375,158.30999755859375,2419135
2026-01-30,158.38999938964844,158.9499969482422,154.77999877929688,157.39999389648438,1780755
2026-02-02,156.44000244140625,157.0,152.75,155.67999267578125,1807923
2026-02-03,160.92999267578125,165.6999969482422,158.5,158.7899932861328,3719733
2026-02-04,161.9199981689453,162.0,160.0,161.42999267578125,1388679
2026-02-05,160.16000366210938,161.5,159.5,161.49000549316406,1072480
2026-02-06,160.07000732421875,160.36000061035156,158.14999389648438,160.36000061035156,1227317
2026-02-09,163.8699951171875,164.0,160.25,163.92999267578125,1749072
2026-02-10,164.85000610351562,165.1999969482422,164.00999450683594,165.17999267578125,2412899
2026-02-11,164.5800018310547,166.5,163.9499969482422,166.5,1205326
2026-02-12,163.80999755859375,165.3699951171875,163.05999755859375,165.3699951171875,1001313
2026-02-13,161.2100067138672,162.9499969482422,160.5,162.0,1556511
2026-02-16,161.0399932861328,161.3000030517578,159.10000610351562,159.10000610351562,1101322
2026-02-18,162.82000732421875,163.25999450683594,158.22999572753906,158.22999572753906,327392
